{
  "method": "pearson_abs",
  "top_by_metric_z_h": {
    "density_total": [
      [
        2,
        0.6745602488517761
      ],
      [
        1,
        0.40025007724761963
      ],
      [
        6,
        0.3076424300670624
      ],
      [
        0,
        0.304575115442276
      ],
      [
        3,
        0.21860720217227936
      ]
    ],
    "syncopation": [
      [
        3,
        0.423605352640152
      ],
      [
        1,
        0.21685653924942017
      ],
      [
        0,
        0.20949488878250122
      ],
      [
        7,
        0.1897401362657547
      ],
      [
        6,
        0.17764922976493835
      ]
    ],
    "inst0_mean": [
      [
        2,
        0.6033549308776855
      ],
      [
        3,
        0.5173016786575317
      ],
      [
        5,
        0.1921396702528
      ],
      [
        4,
        0.1845172941684723
      ],
      [
        6,
        0.16496612131595612
      ]
    ],
    "inst1_mean": [
      [
        3,
        0.2594030499458313
      ],
      [
        0,
        0.2000388652086258
      ],
      [
        7,
        0.18750645220279694
      ],
      [
        1,
        0.1562366932630539
      ],
      [
        2,
        0.13973800837993622
      ]
    ],
    "inst2_mean": [
      [
        2,
        0.8701936602592468
      ],
      [
        3,
        0.20338022708892822
      ],
      [
        7,
        0.16150596737861633
      ],
      [
        5,
        0.07489106804132462
      ],
      [
        0,
        0.0630578100681305
      ]
    ],
    "inst3_mean": [
      [
        1,
        0.23385512828826904
      ],
      [
        0,
        0.20289841294288635
      ],
      [
        5,
        0.18455684185028076
      ],
      [
        7,
        0.18233054876327515
      ],
      [
        6,
        0.10432285070419312
      ]
    ],
    "inst4_mean": [
      [
        2,
        0.5019882321357727
      ],
      [
        6,
        0.4429345726966858
      ],
      [
        3,
        0.22188423573970795
      ],
      [
        7,
        0.15119922161102295
      ],
      [
        5,
        0.09329374134540558
      ]
    ],
    "inst5_mean": [
      [
        1,
        0.27090251445770264
      ],
      [
        0,
        0.22052116692066193
      ],
      [
        7,
        0.18787020444869995
      ],
      [
        5,
        0.16869601607322693
      ],
      [
        6,
        0.1351754367351532
      ]
    ],
    "inst6_mean": [
      [
        1,
        0.32181450724601746
      ],
      [
        0,
        0.3172081410884857
      ],
      [
        7,
        0.2988864779472351
      ],
      [
        5,
        0.1706465184688568
      ],
      [
        3,
        0.1127619743347168
      ]
    ],
    "inst7_mean": [
      [
        2,
        0.630357027053833
      ],
      [
        3,
        0.350016713142395
      ],
      [
        7,
        0.28268852829933167
      ],
      [
        0,
        0.20703405141830444
      ],
      [
        1,
        0.19702230393886566
      ]
    ],
    "inst8_mean": [
      [
        1,
        0.2714008092880249
      ],
      [
        5,
        0.22317035496234894
      ],
      [
        0,
        0.21561962366104126
      ],
      [
        2,
        0.20495426654815674
      ],
      [
        7,
        0.18909011781215668
      ]
    ]
  },
  "top_by_metric_z_l": {
    "density_total": [
      [
        6,
        0.45798051357269287
      ],
      [
        10,
        0.4358220398426056
      ],
      [
        4,
        0.4142397344112396
      ],
      [
        2,
        0.39103785157203674
      ],
      [
        5,
        0.3415377140045166
      ]
    ],
    "syncopation": [
      [
        14,
        0.34682992100715637
      ],
      [
        4,
        0.30841755867004395
      ],
      [
        3,
        0.2339150309562683
      ],
      [
        10,
        0.23079559206962585
      ],
      [
        13,
        0.21228843927383423
      ]
    ],
    "inst0_mean": [
      [
        2,
        0.28479453921318054
      ],
      [
        6,
        0.20791301131248474
      ],
      [
        10,
        0.1777176409959793
      ],
      [
        15,
        0.1534581035375595
      ],
      [
        13,
        0.1485304981470108
      ]
    ],
    "inst1_mean": [
      [
        14,
        0.2297731339931488
      ],
      [
        7,
        0.22195309400558472
      ],
      [
        8,
        0.1933010071516037
      ],
      [
        0,
        0.19134671986103058
      ],
      [
        11,
        0.18401341140270233
      ]
    ],
    "inst2_mean": [
      [
        15,
        0.23008449375629425
      ],
      [
        12,
        0.1992332488298416
      ],
      [
        2,
        0.1457844376564026
      ],
      [
        14,
        0.14059953391551971
      ],
      [
        5,
        0.1377112716436386
      ]
    ],
    "inst3_mean": [
      [
        4,
        0.25988486409187317
      ],
      [
        3,
        0.21319471299648285
      ],
      [
        6,
        0.20065055787563324
      ],
      [
        10,
        0.19966129958629608
      ],
      [
        11,
        0.1955830454826355
      ]
    ],
    "inst4_mean": [
      [
        2,
        0.4754704236984253
      ],
      [
        14,
        0.42398956418037415
      ],
      [
        5,
        0.3984210193157196
      ],
      [
        10,
        0.3329412341117859
      ],
      [
        4,
        0.26828742027282715
      ]
    ],
    "inst5_mean": [
      [
        4,
        0.2586090862751007
      ],
      [
        3,
        0.2278253585100174
      ],
      [
        6,
        0.21770107746124268
      ],
      [
        10,
        0.2133411467075348
      ],
      [
        1,
        0.2069084793329239
      ]
    ],
    "inst6_mean": [
      [
        1,
        0.3345983624458313
      ],
      [
        7,
        0.3148195743560791
      ],
      [
        11,
        0.311916321516037
      ],
      [
        3,
        0.31057509779930115
      ],
      [
        8,
        0.3101178705692291
      ]
    ],
    "inst7_mean": [
      [
        12,
        0.24966293573379517
      ],
      [
        14,
        0.23302707076072693
      ],
      [
        11,
        0.2147301882505417
      ],
      [
        8,
        0.21010379493236542
      ],
      [
        15,
        0.2054663449525833
      ]
    ],
    "inst8_mean": [
      [
        6,
        0.27940547466278076
      ],
      [
        4,
        0.24346105754375458
      ],
      [
        1,
        0.23068858683109283
      ],
      [
        3,
        0.21830753982067108
      ],
      [
        0,
        0.21804866194725037
      ]
    ]
  }
}